username ,customer_id,email
arun,221cc250,arun@gmail.com
ravi,221cc251,ravi@gmail.com
shankar,221cc252,shankar@gmail.com
surya,221cc253,surya@gmail.com
pradeep,221cc254,pradeep@gmail.com
sanju,221cc255,sanju@gmail.com
krishna prasad,221cc256,kp@gmail.com
bharath ravi,221cc257,br@gmail.com
